10min.html	10 Minutes to PyGraphistry
install/index.html	Install
server/index.html	Login and Share
visualization/index.html	Visualize
gfql/index.html	GFQL: The Dataframe-Native Graph Query Language
plugins.html	Plugins
performance.html	CPU &amp; GPU Acceleration
notebooks/index.html	Notebook Tutorials
cheatsheet.html	Cheatsheets
api/index.html	Python API Reference
community.html	Join the Community
support.html	Support
ecosystem.html	Graphistry Ecosystem and Louie.AI
ARCHITECTURE.html	Architecture
CONTRIBUTING.html	Contribute
DEVELOP.html	Development Setup
